[
    {
        "path": "C:\\DailyForecast_test\\abasolo",
        "url": "https://www.meteoblue.com/es/tiempo/semana/abasolo_m%c3%a9xico_4019869",
        "city": "abasolo"
    },
    {
        "path": "C:\\DailyForecast_test\\acambaro",
        "url": "https://www.meteoblue.com/es/tiempo/semana/ac%c3%a1mbaro_m%c3%a9xico_4019827",
        "city": "acambaro"
    },
    {
        "path": "C:\\DailyForecast_test\\sma",
        "url": "https://www.meteoblue.com/es/tiempo/semana/san-miguel-de-allende_m%c3%a9xico_3985344",
        "city": "sma"
    },
    {
        "path": "C:\\DailyForecast_test\\apaAlto",
        "url": "https://www.meteoblue.com/es/tiempo/semana/apaseo-el-alto_m%c3%a9xico_4018404",
        "city": "apaalto"
    },
    {
        "path": "C:\\DailyForecast_test\\apaGrande",
        "url": "https://www.meteoblue.com/es/tiempo/semana/apaseo-el-grande_m%c3%a9xico_4018403",
        "city": "apagrande"
    },
    {
        "path": "C:\\DailyForecast_test\\atarjea",
        "url": "https://www.meteoblue.com/es/tiempo/semana/atarjea_m%c3%a9xico_3797740",
        "city": "atarjea"
    },
    {
        "path": "C:\\DailyForecast_test\\celaya",
        "url": "https://www.meteoblue.com/es/tiempo/semana/celaya_m%c3%a9xico_4014875",
        "city": "celaya"
    },
    {
        "path": "C:\\DailyForecast_test\\manuelDob",
        "url": "https://www.meteoblue.com/es/tiempo/semana/20.728N-101.955E",
        "city": "manueldob"
    },
    {
        "path": "C:\\DailyForecast_test\\comonfort",
        "url": "https://www.meteoblue.com/es/tiempo/semana/comonfort_m%c3%a9xico_4013094",
        "city": "comonfort"
    },
    {
        "path": "C:\\DailyForecast_test\\coroneo",
        "url": "https://www.meteoblue.com/es/tiempo/semana/coroneo_m%c3%a9xico_4012842",
        "city": "coroneo"
    },
    {
        "path": "C:\\DailyForecast_test\\cortazar",
        "url": "https://www.meteoblue.com/es/tiempo/semana/cortazar_m%c3%a9xico_4012721",
        "city": "cortazar"
    },
    {
        "path": "C:\\DailyForecast_test\\cueramaro",
        "url": "https://www.meteoblue.com/es/tiempo/semana/cuer%c3%a1maro_m%c3%a9xico_4012341",
        "city": "cueramaro"
    },
    {
        "path": "C:\\DailyForecast_test\\drMora",
        "url": "https://www.meteoblue.com/es/tiempo/semana/doctor-mora_m%c3%a9xico_4022983",
        "city": "drmora"
    },
    {
        "path": "C:\\DailyForecast_test\\dolores",
        "url": "https://www.meteoblue.com/es/tiempo/semana/dolores-hidalgo_m%c3%a9xico_4023117",
        "city": "dolores"
    },
    {
        "path": "C:\\DailyForecast_test\\gto",
        "url": "https://www.meteoblue.com/es/tiempo/semana/guanajuato_m%c3%a9xico_4005270",
        "city": "gto"
    },
    {
        "path": "C:\\DailyForecast_test\\huanimaro",
        "url": "https://www.meteoblue.com/es/tiempo/semana/huanimaro_m%c3%a9xico_4004688",
        "city": "huanimaro"
    },
    {
        "path": "C:\\DailyForecast_test\\irapuato",
        "url": "https://www.meteoblue.com/es/tiempo/semana/irapuato_m%c3%a9xico_4004330",
        "city": "irapuato"
    },
    {
        "path": "C:\\DailyForecast_test\\jdelp",
        "url": "https://www.meteoblue.com/es/tiempo/semana/jaral-del-progreso_m%c3%a9xico_4004092",
        "city": "jdelp"
    },
    {
        "path": "C:\\DailyForecast_test\\jerecuaro",
        "url": "https://www.meteoblue.com/es/tiempo/semana/jer%c3%a9cuaro_m%c3%a9xico_4004026",
        "city": "jerecuaro"
    },
    {
        "path": "C:\\DailyForecast_test\\leon",
        "url": "https://www.meteoblue.com/es/tiempo/semana/le%c3%b3n_m%c3%a9xico_3998655",
        "city": "leon"
    },
    {
        "path": "C:\\DailyForecast_test\\moroleon",
        "url": "https://www.meteoblue.com/es/tiempo/semana/morole%c3%b3n_m%c3%a9xico_3995343",
        "city": "moroleon"
    },
    {
        "path": "C:\\DailyForecast_test\\ocampo",
        "url": "https://www.meteoblue.com/es/tiempo/semana/ocampo_m%c3%a9xico_3994535",
        "city": "ocampo"
    },
    {
        "path": "C:\\DailyForecast_test\\penjamo",
        "url": "https://www.meteoblue.com/es/tiempo/semana/p%c3%a9njamo_m%c3%a9xico_3992986",
        "city": "penjamo"
    },
    {
        "path": "C:\\DailyForecast_test\\pNuevo",
        "url": "https://www.meteoblue.com/es/tiempo/semana/pueblo-nuevo_m%c3%a9xico_3991567",
        "city": "pnuevo"
    },
    {
        "path": "C:\\DailyForecast_test\\purisima",
        "url": "https://www.meteoblue.com/es/tiempo/semana/pur%c3%adsima-de-bustos_m%c3%a9xico_3991226",
        "city": "purisima"
    },
    {
        "path": "C:\\DailyForecast_test\\romita",
        "url": "https://www.meteoblue.com/es/tiempo/semana/romita_m%c3%a9xico_3988462",
        "city": "romita"
    },
    {
        "path": "C:\\DailyForecast_test\\salamanca",
        "url": "https://www.meteoblue.com/es/tiempo/semana/salamanca_m%c3%a9xico_3988214",
        "city": "salamanca"
    },
    {
        "path": "C:\\DailyForecast_test\\salvatierra",
        "url": "https://www.meteoblue.com/es/tiempo/semana/salvatierra_m%c3%a9xico_3988050",
        "city": "salvatierra"
    },
    {
        "path": "C:\\DailyForecast_test\\sanDdelaU",
        "url": "https://www.meteoblue.com/es/tiempo/semana/san-diego-de-la-uni%c3%b3n_m%c3%a9xico_3987309",
        "city": "sanddelau"
    },
    {
        "path": "C:\\DailyForecast_test\\sanfelipe",
        "url": "https://www.meteoblue.com/es/tiempo/semana/san-felipe-quiriceo_m%c3%a9xico_4023985",
        "city": "sanfelipe"
    },
    {
        "path": "C:\\DailyForecast_test\\sanFdelR",
        "url": "https://www.meteoblue.com/es/tiempo/semana/san-francisco-del-rinc%c3%b3n_m%c3%a9xico_3986984",
        "city": "sanfdelr"
    },
    {
        "path": "C:\\DailyForecast_test\\sanjose",
        "url": "https://www.meteoblue.com/es/tiempo/semana/san-jose-iturbide_m%c3%a9xico_3986088",
        "city": "sanjose"
    },
    {
        "path": "C:\\DailyForecast_test\\slp",
        "url": "https://www.meteoblue.com/es/tiempo/semana/san-luis-de-la-paz_m%c3%a9xico_3985621",
        "city": "slp"
    },
    {
        "path": "C:\\DailyForecast_test\\santacata",
        "url": "https://www.meteoblue.com/es/tiempo/semana/santa-catarina_m%c3%a9xico_4023639",
        "city": "santacata"
    },
    {
        "path": "C:\\DailyForecast_test\\juventino",
        "url": "https://www.meteoblue.com/es/tiempo/semana/santa-cruz-de-juventino-rosas_m%c3%a9xico_4003662",
        "city": "juventino"
    },
    {
        "path": "C:\\DailyForecast_test\\maravatio",
        "url": "https://www.meteoblue.com/es/tiempo/semana/santiago-maravat%c3%ado_m%c3%a9xico_3983635",
        "city": "maravatio"
    },
    {
        "path": "C:\\DailyForecast_test\\silao",
        "url": "https://www.meteoblue.com/es/tiempo/semana/silao-de-la-victoria_m%c3%a9xico_3983058",
        "city": "silao"
    },
    {
        "path": "C:\\DailyForecast_test\\tarandacuao",
        "url": "https://www.meteoblue.com/es/tiempo/semana/tarandacuao_m%c3%a9xico_3982401",
        "city": "tarandacuao"
    },
    {
        "path": "C:\\DailyForecast_test\\tarimoro",
        "url": "https://www.meteoblue.com/es/tiempo/semana/tarimoro_m%c3%a9xico_3982364",
        "city": "tarimoro"
    },
    {
        "path": "C:\\DailyForecast_test\\tierrablanca",
        "url": "https://www.meteoblue.com/es/tiempo/semana/tierra-blanca_m%c3%a9xico_3981676",
        "city": "tierrablanca"
    },
    {
        "path": "C:\\DailyForecast_test\\uriangato",
        "url": "https://www.meteoblue.com/es/tiempo/semana/uriangato_m%c3%a9xico_3980777",
        "city": "uriangato"
    },
    {
        "path": "C:\\DailyForecast_test\\valleSanti",
        "url": "https://www.meteoblue.com/es/tiempo/semana/valle-de-santiago_m%c3%a9xico_3980605",
        "city": "vallesanti"
    },
    {
        "path": "C:\\DailyForecast_test\\victoria",
        "url": "https://www.meteoblue.com/es/tiempo/semana/victoria_m%c3%a9xico_4022970",
        "city": "victoria"
    },
    {
        "path": "C:\\DailyForecast_test\\villagran",
        "url": "https://www.meteoblue.com/es/tiempo/semana/villagran_m%c3%a9xico_3980174",
        "city": "villagran"
    },
    {
        "path": "C:\\DailyForecast_test\\xichu",
        "url": "https://www.meteoblue.com/es/tiempo/semana/xich%c3%ba_m%c3%a9xico_3984588",
        "city": "xichu"
    },
    {
        "path": "C:\\DailyForecast_test\\yuriria",
        "url": "https://www.meteoblue.com/es/tiempo/semana/yuriria_m%c3%a9xico_3979855",
        "city": "yuriria"
    }
]